{
  "overall_score": 0.5689935493424826,
  "total_time": 0.003299236297607422,
  "timestamp": 1756180905.3262908,
  "test_status": "COMPLETED",
  "evolution_generations": 15,
  "best_fitness": 0.9498402821585593,
  "meta_learning_improvement": 0.14720520082913285,
  "contrastive_improvement": 0.010557180861611958
}